Player,Pos,School,College,Ht,Wt,40yd,Vertical,Bench,Broad Jump,3Cone,Shuttle,Drafted (tm-rnd-yr)
Israel Abanikanda,RB,Pittsburgh,College Stats,5-10,216,,,,,,,New York Jets / 5th / 143rd pick / 2023
Yasir Abdullah,LB,Louisville,College Stats,6-1,237,4.47,36.5,,129,,,Jacksonville Jaguars / 5th / 136th pick / 2023
Devon Achane,RB,Texas A&M,College Stats,5-9,188,4.32,33,,,,,Miami Dolphins / 3rd / 84th pick / 2023
Jordan Addison,WR,USC,College Stats,5-11,173,4.49,34,,122,,,Minnesota Vikings / 1st / 23rd pick / 2023
Adetomiwa Adebawore,DE,Northwestern,College Stats,6-2,282,4.49,37.5,27,125,,,Indianapolis Colts / 4th / 110th pick / 2023
Alan Ali,C,TCU,College Stats,6-4,301,,26.5,,,,,
Davis Allen,TE,Clemson,College Stats,6-6,245,,38.5,,125,,,Los Angeles Rams / 5th / 175th pick / 2023
MJ Anderson,DE,Iowa St.,College Stats,6-3,269,,33,,,,,
Jake Andrews,C,Troy,College Stats,6-3,305,5.15,26,,102,,4.73,New England Patriots / 4th / 107th pick / 2023
Felix Anudike-Uzomah,EDGE,Kansas St.,College Stats,6-3,255,,,,,,,Kansas City Chiefs / 1st / 31st pick / 2023
Malaesala Aumavae-Laulu,OT,Oregon,College Stats,6-6,317,5.23,28.5,,106,7.65,4.75,Baltimore Ravens / 6th / 199th pick / 2023
Alex Austin,CB,Oregon St.,College Stats,6-1,195,4.55,33,,122,,4.33,Buffalo Bills / 7th / 252nd pick / 2023
Steve Avila,OG,TCU,,6-4,332,5.21,29.5,,98,7.85,4.74,
Tyson Bagent,QB,Shepherd,,6-3,213,4.79,36,,120,6.95,4.36,
Henry Bainivalu,OG,Washington,College Stats,6-6,306,5.5,28,,101,8.34,4.97,
Habakkuk Baldonado,EDGE,Pittsburgh,College Stats,6-4,251,4.78,35,21,120,7.11,4.44,
Deonte Banks,CB,Maryland,College Stats,6-0,197,4.35,42,,136,,,New York Giants / 1st / 24th pick / 2023
Jeremy Banks,LB,Tennessee,College Stats,6-1,232,4.53,37.5,25,127,7.27,4.38,
Bryce Baringer,P,Michigan St.,College Stats,6-2,216,,,,,,,New England Patriots / 6th / 192nd pick / 2023
Micah Baskerville,LB,LSU,College Stats,6-1,221,,31,,115,,,
TJ Bass,OG,Oregon,,6-4,317,5.48,28.5,,109,,,
Jordan Battle,DB,Alabama,College Stats,6-1,209,4.55,,17,,,,Cincinnati Bengals / 3rd / 95th pick / 2023
Robert Beal,EDGE,Georgia,College Stats,6-4,247,4.48,30,,123,,,San Francisco 49ers / 5th / 173rd pick / 2023
Ronnie Bell,WR,Michigan,College Stats,6-0,191,4.54,38.5,14,120,6.98,4.15,San Francisco 49ers / 7th / 253rd pick / 2023
Jakorian Bennett,CB,Maryland,College Stats,5-11,188,4.3,40.5,13,133,,,Las Vegas Raiders / 4th / 104th pick / 2023
Stetson Bennett,QB,Georgia,College Stats,5-11,192,4.67,33.5,,118,,4.2,Los Angeles Rams / 4th / 128th pick / 2023
Keeanu Benton,DT,Wisconsin,College Stats,6-4,309,5.08,29.5,25,111,7.34,4.65,Pittsburgh Steelers / 2nd / 49th pick / 2023
Matthew Bergeron,OT,Syracuse,College Stats,6-5,318,,30.5,,103,,,Atlanta Falcons / 2nd / 38th pick / 2023
Tank Bigsby,RB,Auburn,College Stats,6-0,210,4.56,32.5,,119,,,Jacksonville Jaguars / 3rd / 88th pick / 2023
Mekhi Blackmon,CB,USC,College Stats,5-11,178,4.47,36,11,125,,,Minnesota Vikings / 3rd / 102nd pick / 2023
Jake Bobo,WR,UCLA,College Stats,6-4,206,,,,,,,
Kayshon Boutte,WR,LSU,College Stats,5-11,195,4.5,29,,118,,4.25,New England Patriots / 6th / 187th pick / 2023
Lance Boykin,CB,Coastal Carolina,College Stats,6-2,200,,,13,124,,,
Anthony Bradford,OG,LSU,College Stats,6-4,332,5.08,30,,106,7.84,4.8,Seattle Seahawks / 4th / 108th pick / 2023
Brian Branch,CB,Alabama,College Stats,6-0,190,4.58,34.5,14,125,,,Detroit Lions / 2nd / 45th pick / 2023
Julius Brents,CB,Kansas St.,College Stats,6-3,198,4.53,41.5,,138,6.63,4.05,Indianapolis Colts / 2nd / 44th pick / 2023
Bryan Bresee,DT,Clemson,College Stats,6-6,298,4.86,29,22,,,,New Orleans Saints / 1st / 29th pick / 2023
Nick Broeker,OG,Mississippi,College Stats,6-4,305,5.27,,,,7.75,4.7,Buffalo Bills / 7th / 230th pick / 2023
Matthew Brooks,P,Tennessee,,6-5,201,,,,,,,
Jalen Brooks,WR,South Carolina,College Stats,6-1,201,4.69,35,,130,7.15,4.31,Dallas Cowboys / 7th / 244th pick / 2023
Myles Brooks,CB,Louisiana Tech,College Stats,6-1,201,,,,,,,
Cameron Brown,CB,Ohio St.,College Stats,6-0,199,,,,,,,
Chase Brown,RB,Illinois,College Stats,5-10,209,4.43,40,,127,,,Cincinnati Bengals / 5th / 163rd pick / 2023
Ji'Ayir Brown,DB,Penn St.,College Stats,5-11,203,4.65,32.5,18,119,,,San Francisco 49ers / 3rd / 87th pick / 2023
Sydney Brown,DB,Illinois,College Stats,5-10,211,4.47,40.5,23,130,,,Philadelphia Eagles / 3rd / 66th pick / 2023
Jason Brownlee,WR,Southern Mississippi,,6-2,198,4.59,39.5,16,131,,,
Arquon Bush,CB,Cincinnati,College Stats,6-0,187,4.54,33.5,,115,,,
Jack Campbell,LB,Iowa,College Stats,6-5,249,4.65,37.5,,128,6.74,4.24,Detroit Lions / 1st / 18th pick / 2023
Anders Carlson,K,Auburn,College Stats,6-5,218,,,,,,,
Jalen Carter,DT,Georgia,College Stats,6-3,314,,,,,,,Philadelphia Eagles / 1st / 9th pick / 2023
Zach Charbonnet,RB,UCLA,College Stats,6-0,214,4.53,37,,122,,,Seattle Seahawks / 2nd / 52nd pick / 2023
Kei'Trel Clark,CB,Louisville,,5-10,181,4.42,34.5,,122,,4.21,
Jerrod Clark,DT,Coastal Carolina,College Stats,6-4,334,5.25,27.5,,102,7.6,4.83,
Keondre Coburn,DT,Texas,College Stats,6-2,332,5.22,27.5,24,101,,,Kansas City Chiefs / 6th / 194th pick / 2023
Chamarri Conner,DB,Virginia Tech,College Stats,6-0,202,4.51,40.5,20,125,,,Kansas City Chiefs / 4th / 119th pick / 2023
Jacob Copeland,WR,Maryland,College Stats,5-11,201,4.42,33,20,127,7.01,4.47,
Brenton Cox,EDGE,Florida,College Stats,6-4,250,4.82,33,24,115,,,
Malik Cunningham,QB,Louisville,College Stats,6-0,192,4.53,,,,,,
McClendon Curtis,OG,Tennessee-Chattanooga,,6-6,324,5.24,26.5,,105,7.7,4.97,
DJ Dale,DT,Alabama,College Stats,6-1,302,5.26,25.5,,98,7.69,4.8,
Braeden Daniels,OT,Utah,,6-4,294,4.99,30.5,,109,7.53,4.6,
Derius Davis,WR,TCU,College Stats,5-8,165,4.36,,,,,4.38,Los Angeles Chargers / 4th / 125th pick / 2023
Nathaniel Dell,WR,Houston,College Stats,5-8,165,4.49,,,121,,,Houston Texans / 3rd / 69th pick / 2023
SirVocea Dennis,LB,Pittsburgh,College Stats,6-1,226,,,19,,,,Tampa Bay Buccaneers / 5th / 153rd pick / 2023
Gervon Dexter,DT,Florida,College Stats,6-6,310,4.88,31,22,110,7.5,,Chicago Bears / 2nd / 53rd pick / 2023
YaYa Diaby,DE,Louisville,College Stats,6-3,263,4.51,37,,120,,,Tampa Bay Buccaneers / 3rd / 82nd pick / 2023
Demario Douglas,WR,Liberty,College Stats,5-8,179,4.44,39.5,,134,,4.29,
Josh Downs,WR,North Carolina,College Stats,5-9,171,4.48,38.5,,131,,,Indianapolis Colts / 3rd / 79th pick / 2023
Grant DuBose,WR,Charlotte,College Stats,6-2,201,4.57,35,,125,6.89,4.32,
Max Duggan,QB,TCU,College Stats,6-2,207,4.52,30.5,,116,7.26,4.45,Los Angeles Chargers / 7th / 239th pick / 2023
Jaelyn Duncan,OT,Maryland,,6-6,306,5.1,31.5,,113,,,
Christopher Dunn,K,North Carolina St.,College Stats,5-8,175,,,,,,,
Payne Durham,TE,Purdue,College Stats,6-6,253,,34.5,,117,,,Tampa Bay Buccaneers / 5th / 171st pick / 2023
Travis Dye,RB,USC,College Stats,5-10,201,,,,,,,
Ikenna Enechukwu,DE,Rice,College Stats,6-4,264,4.7,31.5,,120,,,
Tiyon Evans,RB,Louisville,College Stats,5-10,225,4.52,30.5,,,,,
Zach Evans,RB,Mississippi,College Stats,5-11,202,,,,,,,Los Angeles Rams / 6th / 215th pick / 2023
Zay Flowers,WR,Boston Col.,College Stats,5-9,182,4.42,35.5,,127,,,Baltimore Ravens / 1st / 22nd pick / 2023
Emmanuel Forbes,CB,Mississippi St.,College Stats,6-1,166,4.35,37.5,,131,,,Washington Commanders / 1st / 16th pick / 2023
Bryce Ford-Wheaton,WR,West Virginia,College Stats,6-4,221,4.38,41,,129,6.97,4.15,
Alex Forsyth,C,Oregon,College Stats,6-4,303,,20.5,,95,,,Denver Broncos / 7th / 257th pick / 2023
Isaiah Foskey,EDGE,Notre Dame,College Stats,6-5,264,4.58,34,22,125,7.28,4.41,New Orleans Saints / 2nd / 40th pick / 2023
Blake Freeland,OT,BYU,College Stats,6-8,302,4.98,37,,120,7.46,4.71,Indianapolis Colts / 4th / 106th pick / 2023
Jon Gaines,OG,UCLA,College Stats,6-4,303,5.01,32.5,,114,7.31,4.45,
Connor Galvin,OT,Baylor,College Stats,6-7,293,5.48,30.5,,104,8,4.92,
Mekhi Garner,CB,LSU,College Stats,6-2,212,4.55,38,,128,,,
Ali Gaye,EDGE,LSU,College Stats,6-6,263,,,,,,,
Jahmyr Gibbs,RB,Alabama,College Stats,5-9,199,4.36,33.5,,,,,Detroit Lions / 1st / 12th pick / 2023
Noah Gindorff,TE,North Dakota St.,,6-6,263,,,16,,,,
Christian Gonzalez,CB,Oregon,College Stats,6-1,197,4.38,41.5,14,133,,,New England Patriots / 1st / 17th pick / 2023
Richard Gouraige,OT,Florida,College Stats,6-5,306,,,,,,,
Jalen Graham,LB,Purdue,College Stats,6-2,220,4.64,30.5,,112,,,San Francisco 49ers / 7th / 255th pick / 2023
Eric Gray,RB,Oklahoma,College Stats,5-10,207,,37.5,,118,,,New York Giants / 5th / 172nd pick / 2023
Antoine Green,WR,North Carolina,College Stats,6-2,199,4.47,33.5,,123,6.99,4.27,Detroit Lions / 7th / 219th pick / 2023
Jovaughn Gwyn,OG,South Carolina,College Stats,6-2,297,5.12,27.5,,109,7.9,4.8,
Jake Haener,QB,Fresno St.,College Stats,6-0,207,,35,,114,7.01,,New Orleans Saints / 4th / 127th pick / 2023
Derick Hall,EDGE,Auburn,College Stats,6-3,254,4.55,33.5,,127,,,Seattle Seahawks / 2nd / 37th pick / 2023
Jaren Hall,QB,BYU,College Stats,6-0,207,,,,,,,Minnesota Vikings / 5th / 164th pick / 2023
Nick Hampton,EDGE,Appalachian St.,College Stats,6-2,236,4.58,35.5,,120,,,Los Angeles Rams / 5th / 161st pick / 2023
Anton Harrison,OT,Oklahoma,College Stats,6-4,315,4.98,28.5,,105,,,Jacksonville Jaguars / 1st / 27th pick / 2023
Zach Harrison,EDGE,Ohio St.,College Stats,6-6,274,,,25,,,,Atlanta Falcons / 3rd / 75th pick / 2023
Jadon Haselwood,WR,Arkansas,College Stats,6-2,215,4.66,37,,123,6.98,4.31,
Ryan Hayes,OT,Michigan,College Stats,6-6,298,5.18,30,,103,7.39,,Miami Dolphins / 7th / 238th pick / 2023
Malik Heath,WR,Mississippi,College Stats,6-2,213,4.64,34,,124,6.96,4.46,
DeMarcco Hellams,DB,Alabama,College Stats,6-1,203,4.57,31,,121,,,Atlanta Falcons / 7th / 224th pick / 2023
Daiyan Henley,LB,Washington St.,College Stats,6-1,225,4.54,35,,125,,,Los Angeles Chargers / 3rd / 85th pick / 2023
KJ Henry,EDGE,Clemson,,6-4,251,4.63,31.5,,112,,,
Nick Herbig,EDGE,Wisconsin,College Stats,6-2,240,4.65,,25,,,,Pittsburgh Steelers / 4th / 132nd pick / 2023
Shaka Heyward,LB,Duke,College Stats,6-3,235,4.53,31,22,116,7.32,4.4,
Ronnie Hickman,DB,Ohio St.,College Stats,6-1,203,,,,,,,
Elijah Higgins,WR,Stanford,College Stats,6-3,235,4.54,35,,126,7.01,,Miami Dolphins / 6th / 197th pick / 2023
Brandon Hill,DB,Pittsburgh,College Stats,5-10,193,4.43,35.5,15,123,,,Houston Texans / 7th / 248th pick / 2023
Tre'Vius Hodges-Tomlinson,CB,TCU,College Stats,5-8,178,4.41,39,12,132,,,Los Angeles Rams / 6th / 182nd pick / 2023
Hendon Hooker,QB,Tennessee,College Stats,6-3,217,,,,,,,Detroit Lions / 3rd / 68th pick / 2023
Dylan Horton,EDGE,TCU,College Stats,6-4,257,,34,18,120,,,Houston Texans / 4th / 109th pick / 2023
Jordan Howden,DB,Minnesota,College Stats,6-0,203,4.49,33.5,14,119,,,New Orleans Saints / 5th / 146th pick / 2023
Evan Hull,RB,Northwestern,College Stats,5-10,209,4.47,37,,123,6.9,4.38,
Xavier Hutchinson,WR,Iowa St.,College Stats,6-2,203,4.53,36,,116,6.91,4.35,Houston Texans / 6th / 205th pick / 2023
Jalin Hyatt,WR,Tennessee,College Stats,6-0,176,4.4,40,,135,,,New York Giants / 3rd / 73rd pick / 2023
Mohamed Ibrahim,RB,Minnesota,College Stats,5-8,203,,,,,,,
Andre Carter II,EDGE,Army,College Stats,6-7,256,,30,11,109,,4.36,
Jason Taylor II,DB,Oklahoma St.,College Stats,6-0,204,4.5,43,14,129,,,
Mark Evans II,OT,University of Arkansas at Pine Bluff,,6-3,303,5.44,26.5,,101,7.75,4.92,
Rashad Torrence II,DB,Florida,College Stats,6-0,193,4.72,33.5,20,119,,,
Trey Dean III,DB,Florida,College Stats,6-2,200,4.75,36.5,25,124,,,
Clark Phillips III,CB,Utah,College Stats,5-9,184,4.51,33,18,,,4.32,Atlanta Falcons / 4th / 113th pick / 2023
Siaki Ika,DT,Baylor,College Stats,6-3,335,5.39,,,,7.8,4.99,Cleveland Browns / 3rd / 98th pick / 2023
Thomas Incoom,EDGE,Central Michigan,College Stats,6-2,262,4.66,30.5,23,118,,,
Andrei Iosivas,WR,Princeton,,6-3,205,4.43,39,19,128,6.85,4.12,
Will McDonald IV,EDGE,Iowa St.,,6-4,239,,36,,132,,,
Kearis Jackson,WR,Georgia,College Stats,5-11,196,4.55,,,126,,,
Rakim Jarrett,WR,Maryland,College Stats,6-0,192,4.44,35.5,13,123,,,
Michael Jefferson,WR,Louisiana,,6-4,199,4.56,37,16,133,7.03,4.56,
Jaray Jenkins,WR,LSU,College Stats,6-2,204,4.6,29.5,20,,,,
CJ Johnson,WR,East Carolina,,6-2,224,,,,,,,
DJ Johnson,EDGE,Oregon,,6-4,260,4.49,32,28,110,,,
Anthony Johnson,CB,Virginia,College Stats,6-2,205,4.63,30.5,15,116,,,
Antonio Johnson,DB,Texas A&M,College Stats,6-2,198,4.52,31,8,118,,,Jacksonville Jaguars / 5th / 160th pick / 2023
Roschon Johnson,RB,Texas,College Stats,6-0,219,4.58,31.5,,122,,,Chicago Bears / 4th / 115th pick / 2023
Quentin Johnston,WR,TCU,College Stats,6-3,208,,40.5,,134,,,Los Angeles Chargers / 1st / 21st pick / 2023
Broderick Jones,OT,Georgia,College Stats,6-5,311,4.97,30,,108,,,Pittsburgh Steelers / 1st / 14th pick / 2023
Cam Jones,LB,Indiana,College Stats,6-1,226,4.69,33,17,,,,
Charlie Jones,WR,Purdue,College Stats,5-11,175,4.43,36.5,13,124,,,Cincinnati Bengals / 4th / 131st pick / 2023
Dawand Jones,OT,Ohio St.,College Stats,6-8,374,5.35,,,,,,Cleveland Browns / 4th / 111th pick / 2023
Jaylon Jones,CB,Texas A&M,College Stats,6-2,200,4.57,38,14,122,6.88,4.3,Indianapolis Colts / 7th / 221st pick / 2023
Nic Jones,CB,Ball St.,College Stats,6-0,189,4.51,34.5,,122,,4.34,Kansas City Chiefs / 7th / 250th pick / 2023
Tyreque Jones,DB,Boise St.,College Stats,6-2,195,4.52,32,,119,,4.48,
Brandon Joseph,DB,Notre Dame,College Stats,6-0,202,4.62,30.5,17,118,7.08,4.23,
Andre Jones Jr.,EDGE,Louisiana,,6-5,248,,29,,116,,,
Anthony Johnson Jr.,DB,Iowa St.,College Stats,6-0,205,4.54,37.5,,125,,,
Chris Rodriguez Jr.,RB,Kentucky,,6-0,217,,,,,,,
Viliami Fehoko Jr.,DE,San Jose St.,,6-4,276,,,24,,,,
Will Anderson Jr.,EDGE,Alabama,College Stats,6-4,253,4.6,,,,,,Houston Texans / 1st / 3rd pick / 2023
Earl Bostick Jr.,OT,Kansas,College Stats,6-6,309,5.05,31,,111,,,
Dontay Demus Jr.,WR,Maryland,College Stats,6-3,212,4.57,35.5,,123,,4.39,
Emil Ekiyor Jr.,OG,Alabama,College Stats,6-3,314,,,,,,,
Paris Johnson Jr.,OT,Ohio St.,College Stats,6-6,313,,,,110,,,Arizona Cardinals / 1st / 6th pick / 2023
Darrell Luter Jr.,CB,South Alabama,College Stats,6-0,189,4.46,40.5,,123,6.9,4.43,#ERROR!
Ivan Pace Jr.,LB,Cincinnati,College Stats,5-11,231,,,,,,,#ERROR!
Joey Porter Jr.,CB,Penn St.,College Stats,6-3,193,4.46,35,17,129,,,Pittsburgh Steelers / 2nd / 32nd pick / 2023
Calijah Kancey,DT,Pittsburgh,College Stats,6-1,281,4.67,,,,,,Tampa Bay Buccaneers / 1st / 19th pick / 2023
Kyu Blu Kelly,CB,Stanford,College Stats,6-0,191,4.52,36,,131,,,
Dalton Kincaid,TE,Utah,College Stats,6-4,246,,,,,,,Buffalo Bills / 1st / 25th pick / 2023
Jaxson Kirkland,OG,Washington,College Stats,6-7,321,,,,,,,
Malik Knowles,WR,Kansas St.,College Stats,6-2,196,,,,,,,
Adam Korsak,P,Rutgers,College Stats,6-1,187,,,,,,,
Tucker Kraft,TE,South Dakota St.,,6-5,254,,34,23,122,7.08,4.29,
Zack Kuntz,TE,Old Dominion,,6-7,255,,40,23,128,6.87,4.12,
Tyler Lacy,DE,Oklahoma St.,College Stats,6-4,279,5.11,28.5,30,116,7.6,,Jacksonville Jaguars / 4th / 130th pick / 2023
Brent Laing,OG,Duluth/University of Minnesota,,6-4,304,,,,,,,
Isaiah Land,EDGE,Florida A&M,,6-4,236,4.62,34.5,21,126,7.2,4.56,
Matt Landers,WR,Arkansas,College Stats,6-4,200,4.37,37,,130,,,
Sam LaPorta,TE,Iowa,College Stats,6-3,245,,35,,123,6.91,4.25,Detroit Lions / 2nd / 34th pick / 2023
Cameron Latu,TE,Alabama,College Stats,6-4,242,,,,,,,San Francisco 49ers / 3rd / 101st pick / 2023
Eku Leota,EDGE,Auburn,,6-3,252,,,,,,,
Will Levis,QB,Kentucky,College Stats,6-4,229,,34,,124,,,Tennessee Titans / 2nd / 33rd pick / 2023
Hunter Luepke,FB,North Dakota St.,,6-1,230,,,,,,,
Will Mallory,TE,Miami,College Stats,6-5,239,,36.5,20,121,,,Indianapolis Colts / 5th / 162nd pick / 2023
Tashawn Manning,OG,Kentucky,College Stats,6-3,327,5.34,27.5,,102,7.9,4.8,
Jartavius Martin,DB,Illinois,College Stats,5-11,194,4.46,44,15,133,,,Washington Commanders / 2nd / 47th pick / 2023
Ochaun Mathis,EDGE,Nebraska,College Stats,6-5,250,4.74,33.5,21,118,,4.38,Los Angeles Rams / 6th / 189th pick / 2023
Cody Mauch,OT,North Dakota St.,,6-5,302,5.08,29,,108,7.33,4.55,
Michael Mayer,TE,Notre Dame,College Stats,6-5,249,,32.5,,118,,,Las Vegas Raiders / 2nd / 35th pick / 2023
DeWayne McBride,RB,Alabama-Birmingham,,5-10,209,,,,,,,
Warren McClendon,OT,Georgia,College Stats,6-4,306,,,,,,,Los Angeles Rams / 5th / 174th pick / 2023
Jordan McFadden,OG,Clemson,College Stats,6-2,303,4.99,28.5,,,7.7,4.81,Los Angeles Chargers / 5th / 156th pick / 2023
Isaiah McGuire,DE,Missouri,College Stats,6-4,268,4.76,36.5,,122,7.39,,Cleveland Browns / 4th / 126th pick / 2023
Kenny McIntosh,RB,Georgia,College Stats,6-0,204,4.62,,,,,,Seattle Seahawks / 7th / 237th pick / 2023
Tanner McKee,QB,Stanford,College Stats,6-6,231,,33,,114,7.22,4.41,Philadelphia Eagles / 6th / 188th pick / 2023
Kaevon Merriweather,DB,Iowa,College Stats,6-0,205,4.62,35.5,,118,,,
Kendre Miller,RB,TCU,College Stats,5-11,215,,,,,,,New Orleans Saints / 3rd / 71st pick / 2023
Ventrell Miller,LB,Florida,College Stats,6-0,232,,,,,,,Jacksonville Jaguars / 4th / 121st pick / 2023
Marvin Mims,WR,Oklahoma,College Stats,5-11,183,4.38,39.5,,129,6.9,,Denver Broncos / 2nd / 63rd pick / 2023
Jonathan Mingo,WR,Mississippi,College Stats,6-2,220,4.46,39.5,22,129,,,Carolina Panthers / 2nd / 39th pick / 2023
Cameron Mitchell,CB,Northwestern,College Stats,5-11,191,4.47,35,15,,,,Cleveland Browns / 5th / 142nd pick / 2023
Keaton Mitchell,RB,East Carolina,College Stats,5-8,179,4.37,38,,126,,,
Jake Moody,K,Michigan,College Stats,6-1,209,,,,,,,San Francisco 49ers / 3rd / 99th pick / 2023
Isaiah Moore,LB,North Carolina St.,College Stats,6-2,233,,,26,,,,
Jalen Moreno-Cropper,WR,Fresno St.,,5-11,172,4.4,,,121,,,
Mike Morris,DE,Michigan,College Stats,6-5,275,4.95,28.5,22,110,,,Seattle Seahawks / 5th / 151st pick / 2023
Wanya Morris,OT,Oklahoma,College Stats,6-5,307,5.1,28.5,,111,,,Kansas City Chiefs / 3rd / 92nd pick / 2023
Riley Moss,CB,Iowa,College Stats,6-1,193,4.45,39,,127,,,Denver Broncos / 3rd / 83rd pick / 2023
Caleb Murphy,EDGE,Ferris St.,,6-3,254,4.81,28.5,,119,7.28,4.45,
Myles Murphy,EDGE,Clemson,College Stats,6-5,268,,,25,,,,Cincinnati Bengals / 1st / 28th pick / 2023
Luke Musgrave,TE,Oregon St.,College Stats,6-6,253,,36,,125,,,Green Bay Packers / 2nd / 42nd pick / 2023
PJ Mustipher,DT,Penn St.,College Stats,6-4,320,5.41,27.5,19,96,8.01,5.03,
Puka Nacua,WR,BYU,College Stats,6-2,201,,,,,,,Los Angeles Rams / 5th / 177th pick / 2023
Lukas Van Ness,EDGE,Iowa,College Stats,6-5,272,4.58,31,17,118,7.02,4.32,
Joseph Ngata,WR,Clemson,College Stats,6-3,217,4.54,34.5,,124,,,
Aidan O'Connell,QB,Purdue,College Stats,6-3,213,,,,,,,Las Vegas Raiders / 4th / 135th pick / 2023
Moro Ojomo,DT,Texas,College Stats,6-3,292,5.04,33,29,112,,,Philadelphia Eagles / 7th / 249th pick / 2023
John Ojukwu,OT,Boise St.,College Stats,6-6,309,5.24,28.5,,104,7.52,4.52,
BJ Ojulari,EDGE,LSU,College Stats,6-2,248,,32.5,,126,,,Arizona Cardinals / 2nd / 41st pick / 2023
Olusegun Oluwatimi,C,Michigan,,6-3,309,5.38,29,,110,,,
Anfernee Orji,LB,Vanderbilt,College Stats,6-1,230,4.53,38.5,,122,7,4.43,
DeMarvion Overshown,LB,Texas,College Stats,6-3,229,4.56,,15,124,,,Dallas Cowboys / 3rd / 90th pick / 2023
Gervarrius Owens,DB,Houston,College Stats,6-0,195,,37.5,15,125,,,New York Giants / 7th / 254th pick / 2023
Trey Palmer,WR,Nebraska,College Stats,6-0,192,4.33,,,,,,Tampa Bay Buccaneers / 6th / 191st pick / 2023
Owen Pappoe,LB,Auburn,College Stats,6-0,225,4.39,35.5,29,126,,,Arizona Cardinals / 5th / 168th pick / 2023
Jarrett Patterson,C,Notre Dame,College Stats,6-5,306,5.33,29.5,,106,7.96,4.73,Houston Texans / 6th / 201st pick / 2023
Kyle Patterson,TE,Air Force,College Stats,6-5,260,,,,,,,
Camerun Peoples,RB,Appalachian St.,College Stats,6-1,217,4.61,37,,121,,,
A.T. Perry,WR,Wake Forest,College Stats,6-4,198,4.47,35,,133,,,New Orleans Saints / 6th / 195th pick / 2023
Lonnie Phelps,EDGE,Kansas,College Stats,6-2,244,4.55,,31,,,,
Zacch Pickens,DT,South Carolina,College Stats,6-4,291,4.89,30.5,22,116,7.45,4.62,Chicago Bears / 3rd / 64th pick / 2023
Jack Podlesny,K,Georgia,College Stats,6-0,194,,,,,,,
B.T. Potter,K,Clemson,College Stats,5-10,185,,,,,,,
Deneric Prince,RB,Tulsa,College Stats,6-0,216,4.41,35.5,,124,,,
Jose Ramirez,EDGE,Eastern Michigan,,6-2,242,4.73,34.5,21,118,6.95,4.3,
Jalen Redmond,DT,Oklahoma,College Stats,6-2,291,4.81,34.5,27,116,7.3,4.51,
Jayden Reed,WR,Michigan St.,College Stats,5-11,187,4.45,33.5,,121,,4.29,Green Bay Packers / 2nd / 50th pick / 2023
Rashee Rice,WR,SMU,College Stats,6-1,204,4.51,41,,128,,,Kansas City Chiefs / 2nd / 55th pick / 2023
Asim Richards,OT,North Carolina,College Stats,6-4,309,,,,,,,Dallas Cowboys / 5th / 169th pick / 2023
Anthony Richardson,QB,Florida,College Stats,6-4,244,4.43,40.5,,129,,,Indianapolis Colts / 1st / 4th pick / 2023
Eli Ricks,CB,Alabama,College Stats,6-2,188,,,,,,,
Kelee Ringo,CB,Georgia,College Stats,6-2,207,4.36,33.5,,122,,,Philadelphia Eagles / 4th / 105th pick / 2023
Brad Robbins,P,Michigan,College Stats,6-1,199,,,,,,,
Tavius Robinson,EDGE,Mississippi,College Stats,6-6,257,4.66,33.5,23,120,,4.62,
Bijan Robinson,RB,Texas,College Stats,5-11,215,4.46,37,,124,,,Atlanta Falcons / 1st / 8th pick / 2023
Jammie Robinson,DB,Florida St.,College Stats,5-11,191,4.59,33.5,23,116,,,Carolina Panthers / 5th / 145th pick / 2023
Jaquelin Roy,DT,LSU,College Stats,6-3,305,,,30,,8.01,5,Minnesota Vikings / 5th / 141st pick / 2023
Darius Rush,CB,South Carolina,College Stats,6-2,198,4.36,35,,121,,,Indianapolis Colts / 5th / 138th pick / 2023
Chad Ryland,K,Maryland,College Stats,6-0,190,,,,,,,New England Patriots / 4th / 112th pick / 2023
Nick Saldiveri,OG,Old Dominion,,6-6,318,5.21,31,,111,,4.69,
Drew Sanders,LB,Arkansas,College Stats,6-4,235,,,,,,,Denver Broncos / 3rd / 67th pick / 2023
John Michael Schmitz,C,Minnesota,College Stats,6-4,301,5.35,29.5,,104,,4.56,
Luke Schoonmaker,TE,Michigan,College Stats,6-5,251,,33.5,,127,,4.27,Dallas Cowboys / 2nd / 58th pick / 2023
Daniel Scott,DB,California,College Stats,6-1,208,4.45,39.5,22,128,6.75,4.17,Indianapolis Colts / 5th / 158th pick / 2023
Tyler Scott,WR,Cincinnati,College Stats,5-10,177,4.44,39.5,,133,,,Chicago Bears / 4th / 133rd pick / 2023
Juice Scruggs,C,Penn St.,College Stats,6-3,301,5.22,32,,102,7.75,4.82,Houston Texans / 2nd / 62nd pick / 2023
Noah Sewell,LB,Oregon,College Stats,6-2,246,4.64,33,27,115,,,Chicago Bears / 5th / 148th pick / 2023
Justin Shorter,WR,Florida,College Stats,6-4,229,4.55,35.5,18,126,,,Buffalo Bills / 5th / 150th pick / 2023
Nesta Jade Silvera,DT,Arizona St.,,6-2,304,5.16,29.5,,110,,,
Trenton Simpson,LB,Clemson,College Stats,6-2,235,4.43,,25,,,,Baltimore Ravens / 3rd / 86th pick / 2023
JL Skinner,DB,Boise St.,College Stats,6-4,209,,,,,,,Denver Broncos / 6th / 183rd pick / 2023
Peter Skoronski,OT,Northwestern,College Stats,6-4,313,5.16,34.5,,115,7.8,,Tennessee Titans / 1st / 11th pick / 2023
Terell Smith,CB,Minnesota,College Stats,6-1,204,4.41,34,14,120,7.02,4.3,
Cam Smith,CB,South Carolina,College Stats,6-1,180,4.43,38,,134,,,Miami Dolphins / 2nd / 51st pick / 2023
Christopher Smith,DB,Georgia,College Stats,5-11,192,4.62,33,15,116,,,Las Vegas Raiders / 5th / 170th pick / 2023
Mazi Smith,DT,Michigan,College Stats,6-3,323,,,34,,,,Dallas Cowboys / 1st / 26th pick / 2023
Nolan Smith,EDGE,Georgia,College Stats,6-2,238,4.39,41.5,,128,,,Philadelphia Eagles / 1st / 30th pick / 2023
Jaxon Smith-Njigba,WR,Ohio St.,College Stats,6-1,196,,35,,125,6.57,3.93,Seattle Seahawks / 1st / 20th pick / 2023
Sidy Sow,OG,Eastern Michigan,,6-5,323,5.07,32,,110,7.62,4.69,
Tyjae Spears,RB,Tulane,College Stats,5-10,201,,39,,125,,,Tennessee Titans / 3rd / 81st pick / 2023
Tyler Steen,OT,Alabama,College Stats,6-6,321,,29.5,,109,,4.59,Philadelphia Eagles / 3rd / 65th pick / 2023
Tyrique Stevenson,CB,Miami,College Stats,6-0,198,4.45,38.5,,125,7.09,4.41,Chicago Bears / 2nd / 56th pick / 2023
Dante Stills,DT,West Virginia,College Stats,6-4,286,4.85,28.5,20,113,7.38,4.61,Arizona Cardinals / 6th / 213th pick / 2023
Brenton Strange,TE,Penn St.,College Stats,6-4,253,,36,23,124,7.25,4.46,Jacksonville Jaguars / 2nd / 61st pick / 2023
Ricky Stromberg,C,Arkansas,College Stats,6-3,306,5.26,32.5,,111,,,Washington Commanders / 3rd / 97th pick / 2023
C.J. Stroud,QB,Ohio St.,College Stats,6-3,214,,,,,,,Houston Texans / 1st / 2nd pick / 2023
Leonard Taylor,TE,Cincinnati,College Stats,6-5,250,,,,,,,
Noah Taylor,EDGE,North Carolina,College Stats,6-4,238,,,22,,,,
Charlie Thomas,LB,Georgia Tech,College Stats,6-3,216,4.52,32.5,18,124,7.09,4.34,
Tavion Thomas,RB,Utah,College Stats,6-0,237,4.74,30,,118,,,
SaRodorick Thompson,RB,Texas Tech,College Stats,6-0,207,4.67,32.5,,120,7.25,4.7,
Dorian Thompson-Robinson,QB,UCLA,College Stats,6-2,203,4.56,32.5,,121,7.28,4.44,Cleveland Browns / 5th / 140th pick / 2023
Cedric Tillman,WR,Tennessee,College Stats,6-3,213,4.54,37,,128,,,Cleveland Browns / 3rd / 74th pick / 2023
Mitchell Tinsley,WR,Penn St.,College Stats,6-0,199,4.6,35.5,14,120,,4.21,
Joe Tippmann,C,Wisconsin,College Stats,6-6,313,,,,,,,New York Jets / 2nd / 43rd pick / 2023
Henry To'oTo'o,LB,Alabama,College Stats,6-1,227,4.62,32,,116,,4.4,Houston Texans / 5th / 167th pick / 2023
O'Cyrus Torrence,OG,Florida,College Stats,6-5,330,5.31,23.5,,101,,4.81,Buffalo Bills / 2nd / 59th pick / 2023
Cory Trice,CB,Purdue,College Stats,6-3,206,4.47,35.5,17,132,,,Pittsburgh Steelers / 7th / 241st pick / 2023
Sean Tucker,RB,Syracuse,College Stats,5-9,207,,,,,,,
Tre Tucker,WR,Cincinnati,College Stats,5-9,182,4.4,37.5,,124,,,Las Vegas Raiders / 3rd / 100th pick / 2023
Tuli Tuipulotu,EDGE,USC,College Stats,6-3,266,,,,,,,Los Angeles Chargers / 2nd / 54th pick / 2023
Clayton Tune,QB,Houston,College Stats,6-3,220,4.64,37.5,,122,6.89,4.25,Arizona Cardinals / 5th / 139th pick / 2023
Michael Turk,P,Oklahoma,College Stats,6-0,227,4.83,34,,109,,,
DJ Turner,CB,Michigan,College Stats,5-11,178,4.26,38.5,,131,,,Cincinnati Bengals / 2nd / 60th pick / 2023
Carrington Valentine,CB,Kentucky,College Stats,6-0,193,,39,9,128,,,Green Bay Packers / 7th / 232nd pick / 2023
Deuce Vaughn,RB,Kansas St.,College Stats,5-5,179,,35.5,,116,,,Dallas Cowboys / 6th / 212th pick / 2023
Travis Vokolek,TE,Nebraska,College Stats,6-6,259,,,20,115,,,
Andrew Vorhees,OG,USC,College Stats,6-6,310,,29,,105,,,Baltimore Ravens / 7th / 229th pick / 2023
Dalton Wagner,OT,Arkansas,College Stats,6-8,320,,24.5,,102,,,
Alex Ward,LS,Central Florida,College Stats,6-4,240,5.06,30,12,114,,4.46,
Jay Ward,CB,LSU,College Stats,6-1,188,4.55,34.5,16,132,,,Minnesota Vikings / 4th / 134th pick / 2023
Carter Warren,OT,Pittsburgh,College Stats,6-6,311,,,,,,,New York Jets / 4th / 120th pick / 2023
Darnell Washington,TE,Georgia,College Stats,6-7,264,,31,21,122,,4.08,Pittsburgh Steelers / 3rd / 93rd pick / 2023
Parker Washington,WR,Penn St.,College Stats,5-10,204,,,16,,,,Jacksonville Jaguars / 6th / 185th pick / 2023
Jalen Wayne,WR,South Alabama,College Stats,6-2,210,4.51,34.5,,124,,,
Tyrus Wheat,EDGE,Mississippi St.,College Stats,6-2,263,4.65,28.5,,113,,4.54,
Keion White,EDGE,Georgia Tech,College Stats,6-5,285,,34,30,117,,,New England Patriots / 2nd / 46th pick / 2023
Blake Whiteheart,TE,Wake Forest,College Stats,6-4,247,,35.5,20,115,,,
Josh Whyle,TE,Cincinnati,College Stats,6-7,248,,33.5,,115,,,Tennessee Titans / 5th / 147th pick / 2023
Dontayvion Wicks,WR,Virginia,College Stats,6-1,206,4.62,39,,130,,,Green Bay Packers / 5th / 159th pick / 2023
Dorian Williams,LB,Tulane,College Stats,6-1,228,4.49,33.5,,120,,,Buffalo Bills / 3rd / 91st pick / 2023
Garrett Williams,CB,Syracuse,College Stats,5-10,192,,,,,,,Arizona Cardinals / 3rd / 72nd pick / 2023
Brayden Willis,TE,Oklahoma,College Stats,6-4,241,,32,20,117,7.3,4.36,San Francisco 49ers / 7th / 247th pick / 2023
Michael Wilson,WR,Stanford,College Stats,6-2,213,4.58,37.5,23,125,,4.27,Arizona Cardinals / 3rd / 94th pick / 2023
Tyree Wilson,EDGE,Texas Tech,College Stats,6-6,271,,,23,,,,Las Vegas Raiders / 1st / 7th pick / 2023
Dee Winters,LB,TCU,College Stats,5-11,227,4.49,30.5,,117,,,San Francisco 49ers / 6th / 216th pick / 2023
Devon Witherspoon,CB,Illinois,College Stats,6-0,181,,,,,,,Seattle Seahawks / 1st / 5th pick / 2023
Colby Wooden,DE,Auburn,College Stats,6-4,273,4.79,,23,115,,4.52,Green Bay Packers / 4th / 116th pick / 2023
Darnell Wright,OT,Tennessee,College Stats,6-5,333,5.01,29,,114,,,Chicago Bears / 1st / 10th pick / 2023
Rejzohn Wright,CB,Oregon St.,College Stats,6-2,193,,,,,,,
Luke Wypler,C,Ohio St.,College Stats,6-3,303,5.14,30.5,,106,7.64,4.53,Cleveland Browns / 6th / 190th pick / 2023
Bryce Young,QB,Alabama,College Stats,5-10,204,,,,,,,Carolina Panthers / 1st / 1st pick / 2023
Byron Young,DT,Alabama,College Stats,6-3,294,,26,24,108,7.68,,Las Vegas Raiders / 3rd / 70th pick / 2023
Byron Young,EDGE,Tennessee,College Stats,6-2,250,4.43,38,22,132,7.19,,Los Angeles Rams / 3rd / 77th pick / 2023
Cameron Young,DT,Mississippi St.,College Stats,6-3,304,5.1,,,,,,Seattle Seahawks / 4th / 123rd pick /